d_date,fajr_begins,fajr_jamah,sunrise,zuhr_begins,zuhr_jamah,asr_mithl_1,asr_mithl_2,asr_jamah,maghrib_begins,maghrib_jamah,isha_begins,isha_jamah,is_ramadan,hijri_date
01-01,06:53,08:08,08:53,12:17,12:27,13:26,00:00:00,13:36,15:39,15:49,17:33,17:43,0,0
01-02,06:53,08:08,08:53,12:18,12:28,13:27,00:00:00,13:37,15:41,15:51,17:34:00,17:44,0,0
01-03,06:53,08:07,08:52,12:18,12:28,13:29,00:00:00,13:39,15:42,15:52,17:35,17:45,0,0
01-04,06:52,08:07,08:52,12:18,12:28,13:30,00:00:00,13:40,15:43,15:53,17:36,17:46,0,0
01-05,06:52,08:06,08:51,12:19,12:29,13:31,00:00:00,13:41,15:45,15:55,17:37,17:47,0,0
01-06,06:51,08:06,08:51,12:19,12:29,13:32,00:00:00,13:42,15:46,15:56,17:39,17:49,0,0
01-07,06:51,08:05,08:50,12:20,12:30,13:33,00:00:00,13:43,15:48,15:58,17:40,17:50,0,0
01-08,06:50,08:04,08:49,12:20,12:30,13:34,00:00:00,13:44,15:50,16:00,17:41,17:51,0,0
01-09,06:50,08:03,08:48,12:21,12:31,13:36,00:00:00,13:46,15:51,16:01,17:43,17:53,0,0
01-10,06:49,08:02,08:47,12:21,12:31,13:37,00:00:00,13:47,15:53,16:03,17:44,17:54,0,0
01-11,06:48,08:01,08:46,12:21,12:31,13:38,00:00:00,13:48,15:55,16:05,17:46,17:56,0,0
01-12,06:48,08:00,08:45,12:22,12:32,13:40,00:00:00,13:50,15:57,16:07,17:47,17:57,0,0
01-13,06:47,07:59,08:44,12:22,12:32,13:41,00:00:00,13:51,15:58,16:08,17:49,17:59,0,0
01-14,06:46,07:58,08:43,12:22,12:32,13:43,00:00:00,13:53,16:00,16:10,17:50,18:00,0,0
01-15,06:45,07:56,08:41,12:23,12:33,13:44,00:00:00,13:54,16:02,16:12,17:52,18:02,0,0
01-16,06:44,07:55,08:40,12:23,12:33,13:46,00:00:00,13:56,16:04,16:14,17:54,18:04,0,0
01-17,06:43,07:54,08:39,12:23,12:33,13:47,00:00:00,13:57,16:06,16:16,17:55,18:05,0,0
01-18,06:42,07:52,08:37,12:24,12:34,13:49,00:00:00,13:59,16:08,16:18,17:57,18:07,0,0
01-19,06:41,07:51,08:36,12:24,12:34,13:51,00:00:00,14:01,16:10,16:20,17:59,18:09,0,0
01-20,06:40,07:49,08:34,12:24,12:34,13:52,00:00:00,14:02,16:13,16:23,18:01,18:11,0,0
01-21,06:39,07:48,08:33,12:25,12:35,13:54,00:00:00,14:04,16:15,16:25,18:02,18:12,0,0
01-22,06:37,07:46,08:31,12:25,12:35,13:55,00:00:00,14:05,16:17,16:27,18:04,18:14,0,0
01-23,06:36,07:44,08:29,12:25,12:35,13:57,00:00:00,14:07,16:19,16:29,18:06,18:16,0,0
01-24,06:35,07:43,08:28,12:25,12:35,13:59,00:00:00,14:09,16:21,16:31,18:08,18:18,0,0
01-25,06:33,07:41,08:26,12:26,12:36,14:00,00:00:00,14:10,16:24,16:34,18:10,18:20,0,0
01-26,06:32,07:39,08:24,12:26,12:36,14:02,00:00:00,14:12,16:26,16:36,18:12,18:22,0,0
01-27,06:30,07:37,08:22,12:26,12:36,14:04,00:00:00,14:14,16:28,16:38,18:13,18:23,0,0
01-28,06:29,07:35,08:20,12:26,12:36,14:06,00:00:00,14:16,16:30,16:40,18:15,18:25,0,0
01-29,06:27,07:33,08:18,12:26,12:36,14:07,00:00:00,14:17,16:33,16:43,18:17,18:27,0,0
01-30,06:26,07:31,08:16,12:27,12:37,14:09,00:00:00,14:19,16:35,16:45,18:19,18:29,0,0
01-31,06:24,07:29,08:14,12:27,12:37,14:11,00:00:00,14:21,16:37,16:47,18:21,18:31,0,0
02-01,06:22,07:27,08:12,12:27,12:37,14:13,00:00:00,14:23,16:40,16:50,18:23,18:33,0,0
02-02,06:21,07:25,08:10,12:27,12:37,14:15,00:00:00,14:25,16:42,16:52,18:25,18:35,0,0
02-03,06:19,07:23,08:08,12:27,12:37,14:16,00:00:00,14:26,16:44,16:54,18:27,18:37,0,0
02-04,06:17,07:21,08:06,12:27,12:37,14:18,00:00:00,14:28,16:47,16:57,18:29,18:39,0,0
02-05,06:16,07:19,08:04,12:27,12:37,14:20,00:00:00,14:30,16:49,16:59,18:31,18:41,0,0
02-06,06:14,07:16,08:01,12:27,12:37,14:22,00:00:00,14:32,16:51:00,17:01,18:33,18:43,0,0
02-07,06:12,07:14,07:59,12:27,12:37,14:24,00:00:00,14:34,16:54,17:04,18:35,18:45,0,0
02-08,06:10,07:12,07:57,12:27,12:37,14:25,00:00:00,14:35,16:56,17:06,18:37,18:47,0,0
02-09,06:08,07:10,07:55,12:28,12:38,14:27,00:00:00,14:37,16:59,17:09,18:39,18:49,0,0
02-10,06:06,07:07,07:52,12:28,12:38,14:29,00:00:00,14:39,17:01,17:11,18:41,18:51,0,0
02-11,06:04,07:05,07:50,12:28,12:38,14:31,00:00:00,14:41,17:03,17:13,18:43,18:53,0,0
02-12,06:02,07:03,07:48,12:28,12:38,14:33,00:00:00,14:43,17:06,17:16,18:45,18:55,0,0
02-13,06:00,07:00,07:45,12:28,12:38,14:34,00:00:00,14:44,17:08,17:18,18:47,18:57,0,0
02-14,05:58,06:58,07:43,12:28,12:38,14:36,00:00:00,14:46,17:10,17:20,18:49,18:59,0,0
02-15,05:56,06:55,07:40,12:28,12:38,14:38,00:00:00,14:48,17:13,17:23,18:51,19:01,0,0
02-16,05:54,06:53,07:38,12:28,12:38,14:40,00:00:00,14:50,17:15,17:25,18:53,19:03,0,0
02-17,05:52,06:51,07:36,12:27,12:37,14:41,00:00:00,14:51,17:18,17:28,18:55,19:05,0,0
02-18,05:49,06:48,07:33,12:27,12:37,14:43,00:00:00,14:53,17:20,17:30,18:57,19:07,0,0
02-19,05:47,06:46,07:31,12:27,12:37,14:45,00:00:00,14:55,17:22,17:32,19:00,19:10,0,0
02-20,05:45,06:43,07:28,12:27,12:37,14:47,00:00:00,14:57,17:25,17:35,19:02,19:12,0,0
02-21,05:43,06:40,07:25,12:27,12:37,14:48,00:00:00,14:58,17:27,17:37,19:04,19:14,0,0
02-22,05:41,06:38,07:23,12:27,12:37,14:50,00:00:00,15:00,17:29,17:39,19:06,19:16,0,0
02-23,05:38,06:35,07:20,12:27,12:37,14:52,00:00:00,15:02,17:32,17:42,19:08,19:18,0,0
02-24,05:36,06:33,07:18,12:27,12:37,14:54,00:00:00,15:04,17:34,17:44,19:10,19:20,0,0
02-25,05:34,06:30,07:15,12:27,12:37,14:55,00:00:00,15:05,17:36,17:46,19:12,19:22,0,0
02-26,05:31,06:28,07:13,12:26,12:36,14:57,00:00:00,15:07,17:39,17:49,19:14,19:24,0,0
02-27,05:29,06:25,07:10,12:26,12:36,14:59,00:00:00,15:09,17:41,17:51,19:16,19:26,0,0
02-28,05:27,06:23,07:08,12:26,12:36,15:00,00:00:00,15:10,17:43,17:53,19:17,19:27,0,0
02-29,05:26,06:22,07:07,12:26,12:36,15:00,00:00:00,15:10,17:44,17:54,19:18,19:28,0,0
03-01,05:25,06:21,07:06,12:26,12:36,15:01,00:00:00,15:11,17:45,17:55,19:19,19:29,0,0
03-02,05:24,06:20,07:05,12:26,12:36,15:02,00:00:00,15:12,17:46,17:56,19:20,19:30,0,0
03-03,05:22,06:17,07:02,12:26,12:36,15:04,00:00:00,15:14,17:48,17:58,19:22,19:32,0,0
03-04,05:19,06:14,06:59,12:26,12:36,15:05,00:00:00,15:15,17:50,18:00,19:24,19:34,0,0
03-05,05:17,06:12,06:57,12:25,12:35,15:07,00:00:00,15:17,17:52,18:02,19:26,19:36,0,0
03-06,05:14,06:09,06:54,12:25,12:35,15:08,00:00:00,15:18,17:55,18:05,19:28,19:38,0,0
03-07,05:12,06:06,06:51,12:25,12:35,15:10,00:00:00,15:20,17:57,18:07,19:31,19:41,0,0
03-08,05:09,06:03,06:48,12:25,12:35,15:12,00:00:00,15:22,17:59,18:09,19:33,19:43,0,0
03-09,05:07,06:01,06:46,12:24,12:34,15:13,00:00:00,15:23,18:01,18:11,19:35,19:45,0,0
03-10,05:04,05:58,06:43,12:24,12:34,15:15,00:00:00,15:25,18:04,18:14,19:37,19:47,0,0
03-11,05:01,05:55,06:40,12:24,12:34,15:16,00:00:00,15:26,18:06,18:16,19:39,19:49,0,0
03-12,04:59,05:52,06:37,12:24,12:34,15:18,00:00:00,15:28,18:08,18:18,19:41,19:51,0,0
03-13,04:56,05:50,06:35,12:23,12:33,15:19,00:00:00,15:29,18:10,18:20,19:43,19:53,0,0
03-14,04:54,05:47,06:32,12:23,12:33,15:21,00:00:00,15:31,18:13,18:23,19:45,19:55,0,0
03-15,04:51,05:44,06:29,12:23,12:33,15:22,00:00:00,15:32,18:15,18:25,19:47,19:57,0,0
03-16,04:48,05:41,06:26,12:23,12:33,15:24,00:00:00,15:34,18:17,18:27,19:49,19:59,0,0
03-17,04:46,05:39,06:24,12:22,12:32,15:25,00:00:00,15:35,18:19,18:29,19:51,20:01,0,0
03-18,04:43,05:36,06:21,12:22,12:32,15:27,00:00:00,15:37,18:22,18:32,19:53,20:03,0,0
03-19,04:40,05:33,06:18,12:22,12:32,15:28,00:00:00,15:38,18:24,18:34,19:56,20:06,0,0
03-20,04:38,05:30,06:15,12:21,12:31,15:29,00:00:00,15:39,18:26,18:36,19:58,20:08,0,0
03-21,04:35,05:27,06:12,12:21,12:31,15:31,00:00:00,15:41,18:28,18:38,20:00,20:10,0,0
03-22,04:32,05:25,06:10:00,12:21,12:31,15:32,00:00:00,15:42,18:30,18:40,20:02,20:12,0,0
03-23,04:29,05:22,06:07,12:21,12:31,15:33,00:00:00,15:43,18:33,18:43,20:04,20:14,0,0
03-24,04:27,05:19,06:04,12:20,12:30,15:35,00:00:00,15:45,18:35,18:45,20:06,20:16,0,0
03-25,04:24,05:16,06:01,12:20,12:30,15:36,00:00:00,15:46,18:37,18:47,20:08,20:18,0,0
03-26,04:21,05:13,05:58,12:20,12:30,15:37,00:00:00,15:47,18:39,18:49,20:10,20:20,0,0
03-27,04:18,05:10,05:55,12:19,12:29,15:39,00:00:00,15:49,18:41,18:51,20:12,20:22,0,0
03-28,04:15,05:08,05:53,12:19,12:29,15:40,00:00:00,15:50,18:43,18:53,20:15,20:25,0,0
03-29,05:13,06:05,06:50,13:19,13:29,16:41,00:00:00,16:51,19:46,19:56,21:17,21:27,0,0
03-30,05:10,06:02,06:47,13:18,13:28,16:43,00:00:00,16:53,19:48,19:58,21:19,21:29,0,0
03-31,05:07,05:59,06:44,13:18,13:28,16:44,00:00:00,16:54,19:50,20:00,21:21,21:31,0,0
04-01,05:04,05:56,06:41,13:18,13:28,16:45,00:00:00,16:55,19:52,20:02,21:23,21:33,0,0
04-02,05:01,05:54,06:39,13:17,13:27,16:46,00:00:00,16:56,19:54,20:04,21:25,21:35,0,0
04-03,04:59,05:51,06:36,13:17,13:27,16:48,00:00:00,16:58,19:57,20:07,21:28,21:38,0,0
04-04,04:56,05:48,06:33,13:17,13:27,16:49,00:00:00,16:59,19:59,20:09,21:30,21:40,0,0
04-05,04:53,05:45,06:30,13:16,13:26,16:50,00:00:00,17:00,20:01,20:11,21:32,21:42,0,0
04-06,04:50,05:42,06:27,13:16,13:26,16:51,00:00:00,17:01,20:03,20:13,21:34,21:44,0,0
04-07,04:47,05:40,06:25,13:16,13:26,16:52,00:00:00,17:02,20:05,20:15,21:36,21:46,0,0
04-08,04:45,05:37,06:22,13:15,13:25,16:53,00:00:00,17:03,20:07,20:17,21:39,21:49,0,0
04-09,04:42,05:34,06:19,13:15,13:25,16:55,00:00:00,17:05,20:10,20:20,21:41,21:51,0,0
04-10,04:39,05:31,06:16,13:15,13:25,16:56,00:00:00,17:06,20:12,20:22,21:43,21:53,0,0
04-11,04:36,05:28,06:13,13:15,13:25,16:57,00:00:00,17:07,20:14,20:24,21:45,21:55,0,0
04-12,04:33,05:26,06:11,13:14,13:24,16:58,00:00:00,17:08,20:16,20:26,21:47,21:57,0,0
04-13,04:30,05:23,06:08,13:14,13:24,16:59,00:00:00,17:09,20:18,20:28,21:50,22:00,0,0
04-14,04:28,05:20,06:05,13:14,13:24,17:00,00:00:00,17:10,20:21,20:31,21:52,22:02,0,0
04-15,04:25,05:17,06:02,13:14,13:24,17:01,00:00:00,17:11,20:23,20:33,21:54,22:04,0,0
04-16,04:22,05:15,06:00,13:13,13:23,17:02,00:00:00,17:12,20:25,20:35,21:56,22:06,0,0
04-17,04:19,05:12,05:57,13:13,13:23,17:03,00:00:00,17:13,20:27,20:37,21:59,22:09,0,0
04-18,04:16,05:09,05:54,13:13,13:23,17:05,00:00:00,17:15,20:29,20:39,22:01,22:11,0,0
04-19,04:14,05:07,05:52,13:13,13:23,17:06,00:00:00,17:16,20:32,20:42,22:03,22:13,0,0
04-20,04:11,05:04,05:49,13:12,13:22,17:07,00:00:00,17:17,20:34,20:44,22:06,22:16,0,0
04-21,04:08,05:01,05:46,13:12,13:22,17:08,00:00:00,17:18,20:36,20:46,22:08,22:18,0,0
04-22,04:05,04:59,05:44,13:12,13:22,17:09,00:00:00,17:19,20:38,20:48,22:10,22:20,0,0
04-23,04:03,04:56,05:41,13:12,13:22,17:10,00:00:00,17:20,20:40,20:50,22:13,22:23,0,0
04-24,04:00,04:54,05:39,13:11,13:21,17:11,00:00:00,17:21,20:43,20:53,22:15,22:25,1,0
04-25,03:57,04:51,05:36,13:11,13:21,17:12,00:00:00,17:22,20:45,20:55,22:17,22:27,1,0
04-26,03:54,04:48,05:33,13:11,13:21,17:13,00:00:00,17:23,20:47,20:57,22:19,22:29,1,0
04-27,03:52,04:46,05:31,13:11,13:21,17:14,00:00:00,17:24,20:49,20:59,22:22,22:32,1,0
04-28,03:49,04:43,05:28,13:11,13:21,17:15,00:00:00,17:25,20:51,21:01,22:24,22:34,1,0
04-29,03:46,04:41,05:26,13:11,13:21,17:16,00:00:00,17:26,20:54,21:04,22:26,22:36,1,0
04-30,03:44,04:38,05:23,13:11,13:21,17:17,00:00:00,17:27,20:56,21:06,22:29,22:39,1,0
05-01,03:41,04:36,05:21,13:10,13:20,17:18,00:00:00,17:28,20:58,21:08,22:31,22:41,1,0
05-02,03:38,04:33,05:18,13:10,13:20,17:19,00:00:00,17:29,21:00,21:10,22:33,22:43,1,0
05-03,03:36,04:31,05:16,13:10,13:20,17:20,00:00:00,17:30,21:03,21:13,22:36,22:46,1,0
05-04,03:33,04:29,05:14,13:10,13:20,17:21,00:00:00,17:31,21:05,21:15,22:38,22:48,1,0
05-05,03:31,04:26,05:11,13:10,13:20,17:21,00:00:00,17:31,21:07,21:17,22:40,22:50,1,0
05-06,03:28,04:24,05:09,13:10,13:20,17:22,00:00:00,17:32,21:09,21:19,22:43,22:53,1,0
05-07,03:26,04:22,05:07,13:10,13:20,17:23,00:00:00,17:33,21:11,21:21,22:45,22:55,1,0
05-08,03:23,04:19,05:04,13:10,13:20,17:24,00:00:00,17:34,21:14,21:24,22:47,22:57,1,0
05-09,03:21,04:17,05:02,13:10,13:20,17:25,00:00:00,17:35,21:16,21:26,22:50,23:00,1,0
05-10,03:18,04:15,05:00,13:10,13:20,17:26,00:00:00,17:36,21:18,21:28,22:52,23:02,1,0
05-11,03:16,04:13,04:58,13:10,13:20,17:27,00:00:00,17:37,21:20,21:30,22:54,23:04,1,0
05-12,03:14,04:10,04:55,13:10,13:20,17:28,00:00:00,17:38,21:22,21:32,22:57,23:07,1,0
05-13,03:11,04:08,04:53,13:10,13:20,17:29,00:00:00,17:39,21:24,21:34,22:59,23:09,1,0
05-14,03:09,04:06,04:51,13:10,13:20,17:29,00:00:00,17:39,21:26,21:36,23:01,23:11,1,0
05-15,03:07,04:04,04:49:00,13:10,13:20,17:30,00:00:00,17:40,21:29,21:39,23:03,23:13,1,0
05-16,03:05,04:02,04:47:00,13:10,13:20,17:31,00:00:00,17:41,21:31,21:41,23:05,23:15,1,0
05-17,03:03,03:30,04:15,13:10,13:20,17:32,00:00:00,17:42,21:33,21:43,23:08,23:18,1,0
05-18,03:00,03:58,04:43,13:10,13:20,17:33,00:00:00,17:43,21:35,21:45,23:10,23:20,1,0
05-19,02:58,03:56,04:41,13:10,13:20,17:34,00:00:00,17:44,21:37,21:47,23:12,23:22,1,0
05-20,02:56,03:54,04:39,13:10,13:20,17:34,00:00:00,17:44,21:39,21:49,23:14,23:24,1,0
05-21,02:54,03:52,04:37,13:10,13:20,17:35,00:00:00,17:45,21:41,21:51,23:16,23:26,1,0
05-22,02:52,03:51,04:36,13:10,13:20,17:36,00:00:00,17:46,21:43,21:53,23:18,23:28,1,0
05-23,02:50,03:49,04:34,13:10,13:20,17:37,00:00:00,17:47,21:45,21:55,23:20,23:30,1,0
05-24,02:48,03:47,04:32,13:10,13:20,17:37,00:00:00,17:47,21:47,21:57,23:22,23:32,0,0
05-25,02:47,03:45,04:30,13:10,13:20,17:38,00:00:00,17:48,21:48,21:58,23:24,23:34,0,0
05-26,02:45,03:44,04:29,13:10,13:20,17:39,00:00:00,17:49,21:50,22:00,23:26,23:36,0,0
05-27,02:43,03:42,04:27,13:11,13:21,17:39,00:00:00,17:49,21:52,22:02,23:28,23:38,0,0
05-28,02:42,03:41,04:26,13:11,13:21,17:40,00:00:00,17:50,21:54,22:04,23:30,23:40,0,0
05-29,02:40,03:39,04:24,13:11,13:21,17:41,00:00:00,17:51,21:55,22:05,23:32,23:42,0,0
05-30,02:38,03:38,04:23,13:11,13:21,17:41,00:00:00,17:51,21:57,22:07,23:33,23:43,0,0
05-31,02:37,03:37,04:22,13:11,13:21,17:42,00:00:00,17:52,21:59,22:09,23:35,23:45,0,0
06-01,02:35,03:35,04:20,13:11,13:21,17:43,00:00:00,17:53,22:00,22:10,23:37,23:47,0,0
06-02,02:34,03:34,04:19,13:11,13:21,17:43,00:00:00,17:53,22:02,22:12,23:38,23:48,0,0
06-03,02:33,03:33,04:18,13:12,13:22,17:44,00:00:00,17:54,22:03,22:13,23:40,23:50,0,0
06-04,02:32,03:32,04:17,13:12,13:22,17:45,00:00:00,17:55,22:05,22:15,23:42,23:52,0,0
06-05,02:30,03:31,04:16,13:12,13:22,17:45,00:00:00,17:55,22:06,22:16,23:43,23:53,0,0
06-06,02:29,03:30,04:15,13:12,13:22,17:46,00:00:00,17:56,22:08,22:18,23:44,23:54,0,0
06-07,02:28,03:29,04:14,13:12,13:22,17:46,00:00:00,17:56,22:09,22:19,23:46,23:56,0,0
06-08,02:27,03:28,04:13,13:12,13:22,17:47,00:00:00,17:57,22:10,22:20,23:47,23:57,0,0
06-09,02:26,03:27,04:12,13:13,13:23,17:47,00:00:00,17:57,22:11,22:21,23:48,23:58,0,0
06-10,02:26,03:27,04:12,13:13,13:23,17:48,00:00:00,17:58,22:12,22:22,23:49,23:59,0,0
06-11,02:25,03:26,04:11,13:13,13:23,17:48,00:00:00,17:58,22:13,22:23,23:50,00:00,0,0
06-12,02:24,03:25,04:10,13:13,13:23,17:49,00:00:00,17:59,22:14,22:24,23:51,00:01,0,0
06-13,02:24,03:25,04:10,13:13,13:23,17:49,00:00:00,17:59,22:15,22:25,23:52,00:02,0,0
06-14,02:23,03:24,04:09,13:14,13:24,17:49,00:00:00,17:59,22:16,22:26,23:53,00:03,0,0
06-15,02:23,03:24,04:09,13:14,13:24,17:50,00:00:00,18:00,22:17,22:27,23:54,00:04,0,0
06-16,02:22,03:24,04:09,13:14,13:24,17:50,00:00:00,18:00,22:18,22:28,23:55,00:05,0,0
06-17,02:22,03:24,04:09,13:14,13:24,17:50,00:00:00,18:00,22:18,22:28,23:55,00:05,0,0
06-18,02:22,03:23,04:08,13:14,13:24,17:51,00:00:00,18:01,22:19,22:29,23:56,00:06,0,0
06-19,02:22,03:23,04:08,13:15,13:25,17:51,00:00:00,18:01,22:19,22:29,23:56,00:06,0,0
06-20,02:22,03:23,04:08,13:15,13:25,17:51,00:00:00,18:01,22:20,22:30,23:57,00:07,0,0
06-21,02:22,03:24,04:09,13:15,13:25,17:51,00:00:00,18:01,22:20,22:30,23:57,00:07,0,0
06-22,02:22,03:24,04:09,13:15,13:25,17:52,00:00:00,18:02,22:20,22:30,23:57,00:07,0,0
06-23,02:22,03:24,04:09,13:15,13:25,17:52,00:00:00,18:02,22:20,22:30,23:58,00:08,0,0
06-24,02:23,03:24,04:09,13:16,13:26,17:52,00:00:00,18:02,22:20,22:30,23:58,00:08,0,0
06-25,02:23,03:25,04:10,13:16,13:26,17:52,00:00:00,18:02,22:20,22:30,23:58,00:08,0,0
06-26,02:24,03:25,04:10,13:16,13:26,17:52,00:00:00,18:02,22:20,22:30,23:58,00:08,0,0
06-27,02:24,03:26,04:11,13:16,13:26,17:52,00:00:00,18:02,22:20,22:30,23:57,00:07,0,0
06-28,02:25,03:26,04:11,13:16,13:26,17:52,00:00:00,18:02,22:20,22:30,23:57,00:07,0,0
06-29,02:26,03:27,04:12,13:17,13:27,17:53,00:00:00,18:03,22:20,22:30,23:57,00:07,0,0
06-30,02:26,03:28,04:13,13:17,13:27,17:53,00:00:00,18:03,22:19,22:29,23:56,00:06,0,0
07-01,02:27,03:28,04:13,13:17,13:27,17:53,00:00:00,18:03,22:19,22:29,23:56,00:06,0,0
07-02,02:28,03:29,04:14,13:17,13:27,17:52,00:00:00,18:02,22:18,22:28,23:55,00:05,0,0
07-03,02:29,03:30,04:15,13:17,13:27,17:52,00:00:00,18:02,22:18,22:28,23:55,00:05,0,0
07-04,02:30,03:31,04:16,13:18,13:28,17:52,00:00:00,18:02,22:17,22:27,23:54,00:04,0,0
07-05,02:32,03:32,04:17,13:18,13:28,17:52,00:00:00,18:02,22:16,22:26,23:53,00:03,0,0
07-06,02:33,03:33,04:18,13:18,13:28,17:52,00:00:00,18:02,22:15,22:25,23:52,00:02,0,0
07-07,02:34,03:35,04:20,13:18,13:28,17:52,00:00:00,18:02,22:15,22:25,23:51,00:01,0,0
07-08,02:35,03:36,04:21,13:18,13:28,17:52,00:00:00,18:02,22:14,22:24,23:50,00:00,0,0
07-09,02:37,03:37,04:22,13:18,13:28,17:51,00:00:00,18:01,22:13,22:23,23:49,23:59,0,0
07-10,02:38,03:39,04:24,13:18,13:28,17:51,00:00:00,18:01,22:12,22:22,23:48,23:58,0,0
07-11,02:40,03:40,04:25,13:19,13:29,17:51,00:00:00,18:01,22:10,22:20,23:47,23:57,0,0
07-12,02:41,03:41,04:26,13:19,13:29,17:51,00:00:00,18:01,22:09,22:19,23:46,23:56,0,0
07-13,02:43,03:43,04:28,13:19,13:29,17:50,00:00:00,18:00,22:08,22:18,23:44,23:54,0,0
07-14,02:45,03:44,04:29,13:19,13:29,17:50,00:00:00,18:00,22:07,22:17,23:43,23:53,0,0
07-15,02:46,03:46,04:31,13:19,13:29,17:50,00:00:00,18:00,22:05,22:15,23:41,23:51,0,0
07-16,02:48,03:48,04:33,13:19,13:29,17:49,00:00:00,17:59,22:04:00,22:14,23:40,23:50,0,0
07-17,02:50,03:49,04:34,13:19,13:29,17:49,00:00:00,17:59,22:02,22:12,23:38,23:48,0,0
07-18,02:52,03:51,04:36,13:19,13:29,17:48,00:00:00,17:58,22:01,22:11,23:37,23:47,0,0
07-19,02:54,03:53,04:38,13:19,13:29,17:48,00:00:00,17:58,21:59,22:09,23:35,23:45,0,0
07-20,02:56,03:55,04:40,13:19,13:29,17:47,00:00:00,17:57,21:57,22:07,23:33,23:43,0,0
07-21,02:58,03:56,04:41,13:19,13:29,17:47,00:00:00,17:57,21:56,22:06,23:32,23:42,0,0
07-22,03:00,03:58,04:43,13:19,13:29,17:46,00:00:00,17:56,21:54,22:04,23:30,23:40,0,0
07-23,03:02,04:00,04:45,13:20,13:30,17:45,00:00:00,17:55,21:52,22:02,23:28,23:38,0,0
07-24,03:04,04:02,04:47,13:20,13:30,17:45,00:00:00,17:55,21:50,22:00,23:36,23:46,0,0
07-25,03:06,04:04,04:49,13:20,13:30,17:44,00:00:00,17:54,21:49,21:59,23:24,23:34,0,0
07-26,03:08,04:06,04:51,13:20,13:30,17:43,00:00:00,17:53,21:47,21:57,23:22,23:32,0,0
07-27,03:10,04:08,04:53,13:20,13:30,17:43,00:00:00,17:53,21:45,21:55,23:20,23:30,0,0
07-28,03:12,04:10,04:55,13:20,13:30,17:42,00:00:00,17:52,21:43,21:53,23:18,23:28,0,0
07-29,03:14,04:12,04:57,13:20,13:30,17:41,00:00:00,17:51,21:41,21:51,23:16,23:26,0,0
07-30,03:17,04:14,04:59,13:20,13:30,17:40,00:00:00,17:50,21:39,21:49,23:13,23:23,0,0
07-31,03:19,04:16,05:01,13:20,13:30,17:39,00:00:00,17:49,21:37,21:47,23:11,23:21,0,0
08-01,03:21,04:18,05:03,13:20,13:30,17:39,00:00:00,17:49,21:34,21:44,23:09,23:19,0,0
08-02,03:23,04:20,05:05,13:19,13:29,17:38,00:00:00,17:48,21:32,21:42,23:07,23:17,0,0
08-03,03:26,04:22,05:07,13:19,13:29,17:37,00:00:00,17:47,21:30,21:40,23:04,23:14,0,0
08-04,03:28,04:24,05:09,13:19,13:29,17:36,00:00:00,17:46,21:28,21:38,23:02,23:12,0,0
08-05,03:30,04:26,05:11,13:19,13:29,17:35,00:00:00,17:45,21:26,21:36,23:00,23:10,0,0
08-06,03:32,04:28,05:13,13:19,13:29,17:34,00:00:00,17:44,21:23,21:33,22:57,23:07,0,0
08-07,03:35,04:30,05:15,13:19,13:29,17:33,00:00:00,17:43,21:21,21:31,22:55,23:05,0,0
08-08,03:37,04:33,05:18,13:19,13:29,17:32,00:00:00,17:42,21:19,21:29,22:52,23:02,0,0
08-09,03:39,04:35,05:20,13:19,13:29,17:31,00:00:00,17:41,21:16,21:26,22:50,23:00,0,0
08-10,03:42,04:37,05:22,13:19,13:29,17:29,00:00:00,17:39,21:14,21:24,22:47,22:57,0,0
08-11,03:44,04:39,05:24,13:19,13:29,17:28,00:00:00,17:38,21:12,21:22,22:45,22:55,0,0
08-12,03:46,04:41,05:26,13:19,13:29,17:27,00:00:00,17:37,21:09,21:19,22:42,22:52,0,0
08-13,03:48,04:43,05:28,13:18,13:28,17:26,00:00:00,17:36,21:07,21:17,22:40,22:50,0,0
08-14,03:51,04:45,05:30,13:18,13:28,17:25,00:00:00,17:35,21:04,21:14,22:37,22:47,0,0
08-15,03:53,04:48,05:33,13:18,13:28,17:23,00:00:00,17:33,21:02,21:12,22:34,22:44,0,0
08-16,03:55,04:50,05:35,13:18,13:28,17:22,00:00:00,17:32,20:59,21:09,22:32,22:42,0,0
08-17,03:58,04:52,05:37,13:18,13:28,17:21,00:00:00,17:31,20:57,21:07,22:29,22:39,0,0
08-18,04:00,04:54,05:39,13:18,13:28,17:19,00:00:00,17:29,20:54,21:04,22:27,22:37,0,0
08-19,04:02,04:56,05:41,13:17,13:27,17:18,00:00:00,17:28,20:52,21:02,22:24,22:34,0,0
08-20,04:05,04:58,05:43,13:17,13:27,17:17,00:00:00,17:27,20:49,20:59,22:21,22:31,0,0
08-21,04:07,05:01,05:46,13:17,13:27,17:15,00:00:00,17:25,20:46,20:56,22:19,22:29,0,0
08-22,04:09,05:03,05:48,13:17,13:27,17:14,00:00:00,17:24,20:44,20:54,22:16,22:26,0,0
08-23,04:11,05:05,05:50,13:16,13:26,17:12,00:00:00,17:22,20:41,20:51,22:13,22:23,0,0
08-24,04:14,05:07,05:52,13:16,13:26,17:11,00:00:00,17:21,20:39,20:49,22:10,22:20,0,0
08-25,04:16,05:09,05:54,13:16,13:26,17:09,00:00:00,17:19,20:36,20:46,22:08,22:18,0,0
08-26,04:18,05:11,05:56,13:16,13:26,17:08,00:00:00,17:18,20:33,20:43,22:05,22:15,0,0
08-27,04:21,05:13,05:58,13:15,13:25,17:06,00:00:00,17:16,20:31,20:41,22:02,22:12,0,0
08-28,04:23,05:16,06:01,13:15,13:25,17:05:00,00:00:00,17:15,20:28,20:38,21:59,22:09,0,0
08-29,04:25,05:18,06:03,13:15,13:25,17:03,00:00:00,17:13,20:25,20:35,21:57,22:07,0,0
08-30,04:27,05:20,06:05,13:15,13:25,17:02,00:00:00,17:12,20:22,20:32,21:54,22:04,0,0
08-31,04:29,05:22,06:07,13:14,13:24,17:00,00:00:00,17:10,20:20,20:30,21:51,22:01,0,0
09-01,04:32,05:24,06:09,13:14,13:24,16:58,00:00:00,17:08,20:17,20:27,21:48,21:58,0,0
09-02,04:34,05:26,06:11,13:14,13:24,16:57,00:00:00,17:07,20:14,20:24,21:45,21:55,0,0
09-03,04:36,05:28,06:13,13:13,13:23,16:55,00:00:00,17:05,20:12,20:22,21:43,21:53,0,0
09-04,04:38,05:31,06:16,13:13,13:23,16:53,00:00:00,17:03,20:09,20:19,21:40,21:50,0,0
09-05,04:40,05:33,06:18,13:13,13:23,16:51:00,00:00:00,17:01,20:06,20:16,21:37,21:47,0,0
09-06,04:43,05:35,06:20,13:12,13:22,16:50:00,00:00:00,17:00,20:03,20:13,21:34,21:44,0,0
09-07,04:45,05:37,06:22,13:12,13:22,16:48,00:00:00,16:58,20:00,20:10,21:31,21:41,0,0
09-08,04:47,05:39,06:24,13:12,13:22,16:46,00:00:00,16:56,19:58,20:08,21:29,21:39,0,0
09-09,04:49,05:41,06:26,13:11,13:21,16:44,00:00:00,16:54,19:55,20:05,21:26,21:36,0,0
09-10,04:51,05:43,06:28,13:11,13:21,16:42,00:00:00,16:52,19:52,20:02,21:23,21:33,0,0
09-11,04:53,05:45,06:30,13:11,13:21,16:41,00:00:00,16:51,19:49,19:59,21:20,21:30,0,0
09-12,04:55,05:47,06:32,13:10,13:20,16:39,00:00:00,16:49,19:46,19:56,21:17,21:27,0,0
09-13,04:58,05:50,06:35,13:10,13:20,16:37,00:00:00,16:47,19:44,19:54,21:15,21:25,0,0
09-14,05:00,05:52,06:37,13:10,13:20,16:35,00:00:00,16:45,19:41,19:51,21:12,21:22,0,0
09-15,05:02,05:54,06:39,13:09,13:19,16:33,00:00:00,16:43,19:38,19:48,21:09,21:19,0,0
09-16,05:04,05:56,06:41,13:09,13:19,16:31,00:00:00,16:41,19:35,19:45,21:06,21:16,0,0
09-17,05:06,05:58,06:43,13:09,13:19,16:29,00:00:00,16:39,19:32:00,19:42,21:03,21:13,0,0
09-18,05:08,06:00,06:45,13:08,13:18,16:27,00:00:00,16:37,19:29,19:39,21:01,21:11,0,0
09-19,05:10,06:02,06:47,13:08,13:18,16:25,00:00:00,16:35,19:27,19:37,20:58,21:08,0,0
09-20,05:12,06:04,06:49,13:07,13:17,16:23,00:00:00,16:33,19:24,19:34,20:55,21:05,0,0
09-21,05:14,06:06,06:51,13:07,13:17,16:21,00:00:00,16:31,19:21,19:31,20:52,21:02,0,0
09-22,05:16,06:08,06:53,13:07,13:17,16:19,00:00:00,16:29,19:18,19:28,20:50,21:00,0,0
09-23,05:18,06:11,06:56,13:06,13:16,16:17,00:00:00,16:27,19:15,19:25,20:47,20:57,0,0
09-24,05:20,06:13,06:58,13:06,13:16,16:15,00:00:00,16:25,19:12,19:22,20:44,20:54,0,0
09-25,05:22,06:15,07:00,13:06,13:16,16:13,00:00:00,16:23,19:10,19:20,20:41,20:51,0,0
09-26,05:24,06:17,07:02,13:05,13:15,16:11,00:00:00,16:21,19:07,19:17,20:39,20:49,0,0
09-27,05:26,06:19,07:04,13:05,13:15,16:09,00:00:00,16:19,19:04,19:14,20:36,20:46,0,0
09-28,05:28,06:21,07:06,13:04,13:14,16:07,00:00:00,16:17,19:01,19:11,20:33,20:43,0,0
09-29,05:30,06:23,07:08,13:04,13:14,16:05,00:00:00,16:15,18:58,19:08,20:30,20:40,0,0
09-30,05:32,06:25,07:10,13:04,13:14,16:03,00:00:00,16:13,18:55,19:05,20:28,20:38,0,0
10-01,05:34,06:27,07:12,13:03,13:13,16:01,00:00:00,16:11,18:53,19:03,20:25,20:35,0,0
10-02,05:36,06:29,07:14,13:03,13:13,15:59,00:00:00,16:09,18:50,19:00,20:22,20:32,0,0
10-03,05:38,06:32,07:17,13:03,13:13,15:57,00:00:00,16:07,18:47,18:57,20:20,20:30,0,0
10-04,05:40,06:34,07:19,13:02,13:12,15:55,00:00:00,16:05,18:44,18:54,20:17,20:27,0,0
10-05,05:42,06:36,07:21,13:02,13:12,15:52,00:00:00,16:02,18:41,18:51,20:14,20:24,0,0
10-06,05:44,06:38,07:23,13:02,13:12,15:50,00:00:00,16:00,18:39,18:49,20:12,20:22,0,0
10-07,05:46,06:40,07:25,13:01,13:11,15:48,00:00:00,15:58,18:36,18:46,20:09,20:19,0,0
10-08,05:48,06:42,07:27,13:01,13:11,15:46,00:00:00,15:56,18:33,18:43,20:07,20:17,0,0
10-09,05:50,06:44,07:29,13:01,13:11,15:44,00:00:00,15:54,18:30,18:40,20:04,20:14,0,0
10-10,05:52,06:47,07:32,13:00,13:10,15:42,00:00:00,15:52,18:28,18:38,20:02,20:12,0,0
10-11,05:54,06:49,07:34,13:00,13:10,15:40,00:00:00,15:50,18:25,18:35,19:59,20:09,0,0
10-12,05:56,06:51,07:36,13:00,13:10,15:38,00:00:00,15:48,18:22,18:32,19:56,20:06,0,0
10-13,05:58,06:53,07:38,13:00,13:10,15:36,00:00:00,15:46,18:19,18:29,19:54,20:04,0,0
10-14,06:00,06:55,07:40,12:59,13:09,15:34,00:00:00,15:44,18:17,18:27,19:52,20:02,0,0
10-15,06:01,06:57,07:42,12:59,13:09,15:32,00:00:00,15:42,18:14,18:24,19:49,19:59,0,0
10-16,06:03,07:00,07:45,12:59,13:09,15:30,00:00:00,15:40,18:11,18:21,19:47,19:57,0,0
10-17,06:05,07:02,07:47,12:59,13:09,15:28,00:00:00,15:38,18:09,18:19,19:44,19:54,0,0
10-18,06:07,07:04,07:49,12:58,13:08,15:26,00:00:00,15:36,18:06,18:16,19:42,19:52,0,0
10-19,06:09,07:06,07:51,12:58,13:08,15:24,00:00:00,15:34,18:03,18:13,19:39,19:49,0,0
10-20,06:11,07:09,07:54,12:58,13:08,15:22,00:00:00,15:32,18:01,18:11,19:37,19:47,0,0
10-21,06:13,07:11,07:56,12:58,13:08,15:20,00:00:00,15:30,17:58,18:08,19:35,19:45,0,0
10-22,06:15,07:13,07:58,12:58,13:08,15:18,00:00:00,15:28,17:56,18:06,19:32,19:42,0,0
10-23,06:17,07:15,08:00,12:58,13:08,15:16,00:00:00,15:26,17:53,18:03,19:30,19:40,0,0
10-24,06:19,07:18,08:03,12:57,13:07,15:14,00:00:00,15:24,17:50,18:00,19:28,19:38,0,0
10-25,05:21,06:20,07:05,11:57,12:07,14:12,00:00:00,14:22,16:48,16:58,18:26,18:36,0,0
10-26,05:23,06:22,07:07,11:57,12:07,14:10,00:00:00,14:20,16:45,16:55,18:23,18:33,0,0
10-27,05:25,06:24,07:09,11:57,12:07,14:08,00:00:00,14:18,16:43,16:53,18:21,18:31,0,0
10-28,05:27,06:27,07:12,11:57,12:07,14:06,00:00:00,14:16,16:40,16:50,18:19,18:29,0,0
10-29,05:29,06:29,07:14,11:57,12:07,14:04,00:00:00,14:14,16:38,16:48,18:17,18:27,0,0
10-30,05:31,06:31,07:16,11:57,12:07,14:02,00:00:00,14:12,16:36,16:46,18:15,18:25,0,0
10-31,05:33,06:33,07:18,11:57,12:07,14:00,00:00:00,14:10,16:33,16:43,18:13,18:23,0,0
11-01,05:35,06:36,07:21,11:57,12:07,13:59,00:00:00,14:09,16:31,16:41,18:11,18:21,0,0
11-02,05:37,06:38,07:23,11:57,12:07,13:57,00:00:00,14:07,16:28,16:38,18:09,18:19,0,0
11-03,05:38,06:40,07:25,11:57,12:07,13:55,00:00:00,14:05,16:26,16:36,18:07,18:17,0,0
11-04,05:40,06:43,07:28,11:57,12:07,13:53,00:00:00,14:03,16:24,16:34,18:05,18:15,0,0
11-05,05:42,06:45,07:30,11:57,12:07,13:52,00:00:00,14:02,16:22,16:32,18:03,18:13,0,0
11-06,05:44,06:47,07:32,11:57,12:07,13:50,00:00:00,14:00,16:19,16:29,18:01,18:11,0,0
11-07,05:46,06:50,07:35,11:57,12:07,13:48,00:00:00,13:58,16:17,16:27,17:59,18:09,0,0
11-08,05:48,06:52,07:37,11:57,12:07,13:47,00:00:00,13:57,16:15,16:25,17:58,18:08,0,0
11-09,05:50,06:54,07:39,11:57,12:07,13:45,00:00:00,13:55,16:13,16:23,17:56,18:06,0,0
11-10,05:52,06:57,07:42,11:57,12:07,13:44,00:00:00,13:54,16:11,16:21,17:54,18:04,0,0
11-11,05:54,06:59,07:44,11:57,12:07,13:42,00:00:00,13:52,16:09,16:19,17:52,18:02,0,0
11-12,05:56,07:01,07:46,11:57,12:07,13:41,00:00:00,13:51,16:07,16:17,17:51,18:01,0,0
11-13,05:58,07:03,07:48,11:57,12:07,13:39,00:00:00,13:49,16:05,16:15,17:49,17:59,0,0
11-14,06:00,07:06,07:51,11:58,12:08,13:38,00:00:00,13:48,16:03,16:13,17:48,17:58,0,0
11-15,06:01,07:08,07:53,11:58,12:08,13:37,00:00:00,13:47,16:01,16:11,17:46,17:56,0,0
11-16,06:03,07:10,07:55,11:58,12:08,13:35,00:00:00,13:45,15:59,16:09,17:45,17:55,0,0
11-17,06:05,07:12,07:57,11:58,12:08,13:34,00:00:00,13:44,15:57,16:07,17:43,17:53,0,0
11-18,06:07,07:15,08:00,11:58,12:08,13:33,00:00:00,13:43,15:55,16:05,17:42,17:52,0,0
11-19,06:09,07:17,08:02,11:59,12:09,13:31,00:00:00,13:41,15:54,16:04,17:40,17:50,0,0
11-20,06:11,07:19,08:04,11:59,12:09,13:30,00:00:00,13:40,15:52,16:02,17:39,17:49,0,0
11-21,06:12,07:21,08:06,11:59,12:09,13:29,00:00:00,13:39,15:50,16:00,17:38,17:48,0,0
11-22,06:14,07:23,08:08,11:59,12:09,13:28,00:00:00,13:38,15:49,15:59,17:36,17:46,0,0
11-23,06:16,07:25,08:10,12:00,12:10,13:27,00:00:00,13:37,15:47,15:57,17:35,17:45,0,0
11-24,06:18,07:28,08:13,12:00,12:10,13:26,00:00:00,13:36,15:46,15:56,17:34,17:44,0,0
11-25,06:19,07:30,08:15,12:00,12:10,13:25,00:00:00,13:35,15:44,15:54,17:33,17:43,0,0
11-26,06:21,07:32,08:17,12:01,12:11,13:24,00:00:00,13:34,15:43,15:53,17:32,17:42,0,0
11-27,06:23,07:34,08:19,12:01,12:11,13:23,00:00:00,13:33,15:41,15:51,17:31,17:41,0,0
11-28,06:24,07:36,08:21,12:01,12:11,13:22,00:00:00,13:32,15:40,15:50,17:30,17:40,0,0
11-29,06:26,07:38,08:23,12:02,12:12,13:22,00:00:00,13:32,15:39,15:49,17:29,17:39,0,0
11-30,06:27,07:40,08:25,12:02,12:12,13:21,00:00:00,13:31,15:38,15:48,17:28,17:38,0,0
12-01,06:29,07:41,08:26,12:02,12:12,13:20,00:00:00,13:30,15:37,15:47,17:28,17:38,0,0
12-02,06:30,07:43,08:28,12:03,12:13,13:20,00:00:00,13:30,15:36,15:46,17:27,17:37,0,0
12-03,06:32,07:45,08:30,12:03,12:13,13:19,00:00:00,13:29,15:35,15:45,17:26,17:36,0,0
12-04,06:33,07:47,08:32,12:04,12:14,13:19,00:00:00,13:29,15:34,15:44,17:25,17:35,0,0
12-05,06:35,07:48,08:33,12:04,12:14,13:18,00:00:00,13:28,15:33,15:43,17:25,17:35,0,0
12-06,06:36,07:50,08:35,12:04,12:14,13:18,00:00:00,13:28,15:32,15:42,17:24,17:34,0,0
12-07,06:37,07:52,08:37,12:05,12:15,13:17,00:00:00,13:27,15:31,15:41,17:24,17:34,0,0
12-08,06:39,07:53,08:38,12:05,12:15,13:17,00:00:00,13:27,15:31,15:41,17:24,17:34,0,0
12-09,06:40,07:55,08:40,12:06,12:16,13:17,00:00:00,13:27,15:30,15:40,17:23,17:33,0,0
12-10,06:41,07:56,08:41,12:06,12:16,13:17,00:00:00,13:27,15:30,15:40,17:23,17:33,0,0
12-11,06:42,07:57,08:42,12:07,12:17,13:16,00:00:00,13:26,15:29,15:39,17:23,17:33,0,0
12-12,06:43,07:59,08:44,12:07,12:17,13:16,00:00:00,13:26,15:29,15:39,17:22,17:32,0,0
12-13,06:44,08:00,08:45,12:08,12:18,13:16,00:00:00,13:26,15:29,15:39,17:22,17:32,0,0
12-14,06:45,08:01,08:46,12:08,12:18,13:16,00:00:00,13:26,15:28,15:38,17:22,17:32,0,0
12-15,06:46,08:02,08:47,12:09,12:19,13:16,00:00:00,13:26,15:28,15:38,17:22,17:32,0,0
12-16,06:47,08:03,08:48,12:09,12:19,13:16,00:00:00,13:26,15:28,15:38,17:22,17:32,0,0
12-17,06:48,08:04,08:49,12:10,12:20,13:17,00:00:00,13:27,15:28,15:38,17:23,17:33,0,0
12-18,06:49,08:05,08:50,12:10,12:20,13:17,00:00:00,13:27,15:28,15:38,17:23,17:33,0,0
12-19,06:49,08:06,08:51,12:10,12:20,13:17,00:00:00,13:27,15:29,15:39,17:23,17:33,0,0
12-20,06:50,08:06,08:51,12:11,12:21,13:17,00:00:00,13:27,15:29,15:39,17:23,17:33,0,0
12-21,06:51,08:07,08:52,12:11,12:21,13:18,00:00:00,13:28,15:29,15:39,17:24,17:34,0,0
12-22,06:51,08:07,08:52,12:12,12:22,13:18,00:00:00,13:28,15:30,15:40,17:24,17:34,0,0
12-23,06:52,08:08,08:53,12:12,12:22,13:19,00:00:00,13:29,15:30,15:40,17:25,17:35,0,0
12-24,06:52,08:08,08:53,12:13,12:23,13:19,00:00:00,13:29,15:31,15:41,17:25,17:35,0,0
12-25,06:52,08:09,08:54,12:13,12:23,13:20,00:00:00,13:30,15:31,15:41,17:26,17:36,0,0
12-26,06:53,08:09,08:54,12:14,12:24,13:21,00:00:00,13:31,15:32,15:42,17:26,17:36,0,0
12-27,06:53,08:09,08:54,12:14,12:24,13:21,00:00:00,13:31,15:33,15:43,17:27,17:37,0,0
12-28,06:53,08:09,08:54,12:15,12:25,13:22,00:00:00,13:32,15:34,15:44,17:28,17:38,0,0
12-29,06:53,08:09,08:54,12:15,12:25,13:23,00:00:00,13:33,15:35,15:45,17:29,17:39,0,0
12-30,06:53,08:09,08:54,12:16,12:26,13:23,00:00:00,13:33,15:36,15:46,17:30,17:40,0,0
12-31,06:53,08:09,08:54,12:16,12:26,13:24,00:00:00,13:34,15:37,15:47,17:30,17:40,0,0
